pickup_year,pickup_month,pickup_borough,trip_count,avg_fare,avg_distance_miles,avg_tip
2019,1,Manhattan,6802425,10.66,2.22,1.6
2019,1,Queens,445862,35.59,11.61,5.34
2019,1,Unknown,145878,12.22,2.6,1.82
2019,1,Brooklyn,82398,16.97,4.53,1.36
2019,1,Bronx,14255,23.67,6.97,0.29
2019,1,Staten Island,288,42.92,13.6,1.22
2019,1,EWR,144,69.83,7.53,9.92
2019,2,Manhattan,6268962,10.97,2.3,1.95
2019,2,Queens,413354,37.58,11.61,5.61
2019,2,Brooklyn,84422,17.19,4.54,1.43
2019,2,Unknown,62823,13.5,2.83,2.11
2019,2,Bronx,14033,24.19,7.13,0.25
2019,2,Staten Island,278,47.43,15.67,0.64
2019,2,EWR,155,70.83,3.98,12.15
2019,3,Manhattan,6961579,11.21,2.36,1.99
2019,3,Queens,505939,36.33,11.57,5.45
2019,3,Brooklyn,98557,17.06,4.48,1.52
2019,3,Unknown,46552,14.67,2.94,2.27
2019,3,Bronx,15704,24.1,7.08,0.3
2019,3,Staten Island,230,48.01,15.51,1.02
2019,3,EWR,164,77.1,4.85,11.67
